55,,ΧΑΝΙΩΝ
55,10,ΑΓΡΙΝΙΟΥ
55,1027,ΑΚΡΩΤΗΡΙΟΥ
55,1028,ΑΝΑΤΟΛ.ΣΕΛΙΝΟΥ
55,1029,ΑΡΜΕΝΩΝ
55,1050,ΑΣΗ ΓΩΝΙΑΣ
55,1030,ΒΑΜΟΥ
55,1031,ΒΟΥΚΟΛΙΩΝ
55,1051,ΓΑΥΔΟΥ
55,1032,ΓΕΩΡΓΙΟΥΠΟΛΕΩΣ
55,1033,ΕΛ.ΒΕΝΙΖΕΛΟΥ
55,1034,ΘΕΡΙΣΟΥ
55,1035,ΙΝΝΑΧΩΡΙΟΥ
55,1036,ΚΑΝΤΑΝΟΥ
55,2050,ΚΑΝΤΑΝΟΥ-ΣΕΛΙΝΟΥ
55,1037,ΚΕΡΑΜΙΩΝ
55,1038,ΚΙΣΣΑΜΟΥ
55,1039,ΚΟΛΥΜΒΑΡΙΟΥ
55,1040,ΚΡΥΟΝΕΡΙΔΑΣ
55,1041,ΜΟΥΣΟΥΡΩΝ
55,1042,ΜΥΘΗΜΝΗΣ
55,1043,ΝΕΑΣ ΚΥΔΩΝΙΑΣ
55,1044,ΠΕΛΕΚΑΝΟΥ
55,1045,ΠΛΑΤΑΝΙΑ
55,1046,ΣΟΥΔΑΣ
55,1047,ΣΦΑΚΙΩΝ
55,1048,ΦΡΕ
55,1049,ΧΑΝΙΩΝ
36,,ΛΑΣIΘΙΟΥ
36,734,ΑΓΙΟΥ ΝΙΚΟΛΑΟΥ
36,735,ΙΕΡΑΠΕΤΡΑΣ
36,736,ΙΤΑΝΟΥ
36,737,ΛΕΥΚΗΣ
36,738,ΜΑΚΡΥ ΓΙΑΛΟΥ
36,739,ΝΕΑΠΟΛΕΩΣ
36,740,ΟΡΟΠ.ΛΑΣΙΘΙΟΥ
36,741,ΣΗΤΕΙΑΣ
39,,ΜΑΓΝΗΣΙΑΣ
39,768,ΑΛΜΥΡΟΥ
39,769,ΑΛΟΝΝΗΣΟΥ
39,773,ΒΟΛΟΥ
39,1641,ΖΑΓΟΡΑΣ-ΜΟΥΡΕΣΙΟΥ
39,1639,Ν.ΠΗΛΙΟΥ
39,1640,Ρ.ΦΕΡΑΙΟΥ
39,784,ΣΚΙΑΘΟΥ
39,785,ΣΚΟΠΕΛΟΥ
56,,ΧΙΟΥ
56,1052,,ΑΓΙΟΥ ΜΗΝΑ
56,1053,,ΑΜΑΝΗΣ
56,1054,,ΙΩΝΙΑΣ
56,1055,,ΚΑΜΠΟΧΩΡΩΝ
56,1056,,ΚΑΡΔΑΜΥΛΩΝ
56,1057,,ΜΑΣΤΙΧΟΧΩΡΙΩΝ
56,1058,,ΟΙΝΟΥΣΣΩΝ
56,1059,,ΟΜΗΡΟΥΠΟΛΗΣ
56,1060,,ΧΙΟΥ
56,1061,,ΨΑΡΩΝ
38,,ΛΕΥΚΑΔΑΣ
38,1499,NIKIANA
38,1448,ΑΓ.ΗΛΙΑΣ
38,1440,ΑΓ.ΝΙΚΗΤΑΣ
38,1449,ΑΓ.ΠΕΤΡΟΣ
38,1450,ΑΘΑΝΙ
38,1474,ΑΛΑΤΡΟ
38,1441,ΑΛΕΞΑΝΔΡΟΣ
38,760,ΑΠΟΛΛΩΝΙΩΝ
38,1442,ΑΠΟΛΠΑΙΝΗΣ
38,1518,ΒΑΘΥ
38,1447,ΒΑΣΙΛΙΚΗ
38,1476,ΒΑΥΚΕΡΗ
38,1477,ΒΛΥΧΟ
38,1451,ΒΟΥΡΝΙΚΑ
38,1479,ΓΕΝΙ
38,1480,ΔΕΣΙΜΙ
38,1452,ΔΡΑΓΑΝΟ
38,1472 ΕΓΚΛΟΥΒΗ
38,761,ΕΛΛΟΜΕΝΟΥ
38,1453 ΕΥΓΗΡΟΣ
38,1502,ΘΥΡΡΕΙΟ
38,1443,ΚΑΛΑΜΙΤΣΙΟΥ
38,762,ΚΑΡΥΑΣ
38,1444,ΚΑΡΥΩΤΩΝ
38,1445,ΚΑΤΟΥΝΑΣ-ΛΥΓΙΑΣ
38,1509,ΚΑΤΩΜΕΡΙΟΥ
38,1481,ΚΑΤΩΧΩΡΙ
38,1454,ΚΟΜΗΛΙΟ
38,1455,ΚΟΝΤΑΡΑΙΝΑ
38,1600,ΛΑΖΑΡΑΤΑ
38,1439,ΛΕΥΚΑΔΑΣ
38,1482,Μ.ΑΥΛΑΚΙ
38,1483,Μ.ΓΙΑΛΟΣ
38,1462,ΜΑΝΑΣΗ
38,1463,ΜΑΡΑΝΤΟΧΩΡΙ
38,764,ΜΕΓΑΝΗΣΙΟΥ
38,1484,ΝΕΟΧΩΡΙ
38,1500,ΝΙΚΙΑΝΑ
38,1464,ΝΙΚΟΛΗ
38,1475,ΝΥΔΡΙ
38,1485,ΠΑΛΑΙΟΚΑΤΟΥΝΑ
38,1501,ΠΑΛΙΑΜΠΕΛΑ
38,1487,ΠΕΡΙΓΙΑΛΙ
38,1473,ΠΗΓΑΔΗΣΑΝΟΙ
38,1612,ΠΙΝΑΚΟΧΩΡΙ
38,1486,ΠΛΑΤΥΣΤΟΜΑ
38,1467,ΠΟΝΤΗ
38,1489,ΠΟΡΟΣ
38,1468,ΣΥΒΟΤΑ
38,1470,ΣΥΒΡΟΣ
38,765,ΣΦΑΚΙΩΤΩΝ
38,1446,ΤΣΟΥΚΑΛΑΔΩΝ
38,1738,ΦΡΥΝΙ
38,1491,ΦΤΕΡΝΟ
38,1490,ΧΑΡΑΔΙΑΤΙΚΑ
38,1471,ΧΟΡΤΑΤΑ
37,ΛΕΣΒΟΥ
37,759,ΑΓ.ΕΥΣΤΡΑΤΙΟΥ
37,742,ΑΓ.ΠΑΡΑΣΚΕΥΗΣ
37,743,ΑΓΙΑΣΟΥ
37,744,ΑΤΣΙΚΗΣ
37,745,ΓΕΡΑΣ
37,746,ΕΡΕΣΟΥ-ΑΝΤΙΣΣΗ
37,747,ΕΥΕΡΓΕΤΟΥΛΑ
37,748,ΚΑΛΛΟΝΗΣ
37,749,ΛΟΥΤΡΟΠ.ΘΕΡΜΗΣ
37,750,ΜΑΝΤΑΜΑΔΟΥ
37,751,ΜΗΘΥΜΝΑΣ
37,752,ΜΟΥΔΡΟΥ
37,753,ΜΥΡΙΝΑΣ
37,754,ΜΥΤΙΛΗΝΗΣ
37,755,ΝΕΑΣ ΚΟΥΤΑΛΗΣ
37,756,ΠΕΤΡΑΣ
37,757,ΠΛΩΜΑΡΙΟΥ
37,758,ΠΟΛΙΧΝΙΤΟΥ
24,,ΙΩΑΝΝΙΝΩΝ
24,511,ΒΟΡΕΙΩΝ ΤΖΟΥΜΕΡΚΩΝ
24,490,ΔΩΔΩΝΗΣ
24,1722,ΖΑΓΟΡΙΟΥ
24,494,ΖΙΤΣΑΣ
24,495,ΙΩΑΝΝΙΤΩΝ
24,499,ΚΟΝΙΤΣΑΣ
24,502,ΜΕΤΣΟΒΟΥ
24,1723,ΠΩΓΩΝΙΟΥ
96,,ΘΕΣΠΡΩΤΙΑ
96,1831,ΗΓΟΥΜΕΝΙΤΣΑ
96,1833,ΗΓΟΥΜΕΝΙΤΣΑΣ
96,1855,ΠΑΡΓΑΣ
96,1852,ΣΟΥΛΙΟΥ
96,1834,ΦΙΛΙΑΤΩΝ
31,,ΚΟΖΑΝΗΣ
2067,ΒΕΛΒΕΝΤΟΥ
31,631,ΒΟΙΟΥ
31,629,ΕΟΡΔΑΙΑΣ
31,623,ΚΟΖΑΝΗΣ
31,630,ΣΕΡΒΙΩΝ 
14,,ΔΡΑΜΑΣ
14,283,ΔΟΞΑΤΟΥ
14,1295,ΔΡΑΜΑΣ
14,285,Κ.ΝΕΥΡΟΚΟΠΙΟΥ
14,286,ΚΑΛΑΜΠΑΚΙΟΥ
14,287,ΝΙΚΗΦΟΡΟΥ
14,288,ΠΑΡΑΝΕΣΤΙΟΥ
14,289,ΠΡΟΣOΤΣΑΝΗΣ
14,290,ΣΙΔΗΡΟΝΕΡΟΥ
14,291,ΣΙΤΑΓΡΩΝ
6,,ΕΒΡΟΥ
6,38,ΑΛΕΞΑΝΔΡOYΠΟΛHΣ
6,1882,ΑΛΕΞΑΝΔΡOYΠΟΛΗΣ
6,1883,ΑΛΕΞΑΝΔΡΟΥΠΟΛΗΣ
6,39,ΒΥΣΣΑΣ
6,40,ΔΙΔΥΜΟΤΕΙΧΟΥ
6,41,ΚΥΠΡΙΝΟΥ
6,42,ΜΕΤΑΞΑΔΩΝ
6,43,ΟΡΕΣΤΙΑΔΟΣ
6,45,ΣΑΜΟΘΡΑΚΗΣ
6,46,ΣΟΥΦΛΙΟΥ
6,47,ΤΡΑΙΑΝΟΥΠΟΛΗΣ
6,48,ΤΡΙΓΩΝΟΥ
6,49,ΤΥΧΕΡΟΥ
6,1952,ΦΕΡΩΝ
12,,ΒΟΙΩΤΙΑΣ
12,1254, Δ. ΑΚΡΑΙΦΝΙΑΣ
12,1493, Δ. ΒΑΓΙΩΝ
12,252, Δ. ΔΕΡΒΕΝΟΧΩΡΙΩΝ
12,254, Δ. ΘΕΣΠΙΕΩΝ
12,255, Δ. ΘΗΒΑΙΩΝ
12,256, Δ. ΘΙΣΒΗΣ
12,261, Δ. ΠΛΑΤΑΙΩΝ
12,263, Δ. ΤΑΝΑΓΡΑΣ
12,2024,ΑΛΙΑΡΤΟΥ
12,2025,ΑΛΙΑΡΤΟΥ ΘΕΣΠΙΩΝ
12,246,ΑΛΙΑΡΤΟΥ-ΘΕΣΠΙΕΩΝ
12,248,ΑΡΑΧΩΒΗΣ
12,249,ΑΥΛΙΔΟΣ
12,265,ΔΙΣΤΟΜΟΥ-ΑΡΑΧΩΒΑΣ-ΑΝΤΙΚΥΡΑΣ
12,258,ΛΕΒΑΔΕΩΝ
12,259,ΟΙΝΟΦΥΤΩΝ
12,260,ΟΡΧΟΜΕΝΟΥ
12,262,ΣΧΗΜΑΤΑΡΙΟΥ
33,,ΚΥΚΛΑΔΩΝ
33,1117,ΑΓΓΕΛΟΚΑΣΤΡΟΥ
33,650,ΑΜΟΡΓΟΥ
33,672,ΑΝΑΦΗΣ
33,651,ΑΝΔΡΟΥ
33,673,ΑΝΤΙΠΑΡΟΥ
33,652,ΑΝΩ ΣΥΡΟΥ
33,674,ΔΟΝΟΥΣΑΣ
33,653,ΔΡΥΜΑΛΙΑΣ
33,654,ΕΞΩΜΒΟΥΡΓΟΥ
33,655,ΕΡΜΟΥΠΟΛΕΩΣ
33,675,ΗΡΑΚΛΕΙΑΣ
33,656,ΘΗΡΑΣ
33,657,ΙΗΤΩΝ
33,658,ΚΕΑΣ
33,676,ΚΙΜΩΛΟΥ
33,659,ΚΟΡΘΙΟΥ
33,677,ΚΟΥΦΟΝΗΣΙΩΝ
33,660,ΚΥΘΝΟΥ
33,661,ΜΗΛΟΥ
33,662,ΜΥΚΟΝΟΥ
33,663,ΝΑΞΟΥ
33,664,ΟΙΑΣ
33,678,ΠΑΝΟΡΜΟΥ
33,665,ΠΑΡΟΥ
33,666,ΠΟΣΕΙΔΩΝΙΑΣ
33,667,ΣΕΡΙΦΟΥ
33,679,ΣΙΚΙΝΟΥ
33,668,ΣΙΦΝΟΥ
33,680,ΣΧΟΙΝΟΥΣΑΣ
33,669,ΤΗΝΟΥ
33,670,ΥΔΡΟΥΣΑΣ
33,671,ΦΟΛΕΓΑΝΔΡΟΥ
20,,ΗΜΑΘΙΑΣ
20,389,ΑΛΕΞΑΝΔΡΕΙΑΣ
20,391,ΑΝΤΙΓΟΝΙΔΩΝ
20,392,ΑΠΟΣΤ.ΠΑΥΛΟΥ
20,393,ΒΕΡΓΙΝΑΣ
20,394,ΒΕΡΟΙΑΣ
20,395,ΔΟΒΡΑ
20,397,ΕΛΑΦΙΝΑΣ
20,398,ΜΑΚΕΔΟΝΙΔΟΣ
20,399,ΜΕΛΙΚΗΣ
20,400,ΝΑΟΥΣΑΣ
20,401,ΠΛΑΤΕΟΣ
47,,ΡΟΔΟΠΗΣ
47,888,ΑΙΓΕΙΡΟΥ
47,897,ΑΜΑΞΑΔΩΝ
47,889,ΑΡΡΙΑΝΩΝ
47,890,ΙΑΣΜΟΥ
47,898,ΚΕΧΡΟΥ
47,891,ΚΟΜΟΤΗΝΗΣ
47,892,ΜΑΡΩΝΕΙΑΣ
47,893,Ν.ΣΙΔΗΡΟΧΩΡΙΟΥ
47,899,ΟΡΓΑΝΗΣ
47,894,ΣΑΠΩΝ
47,895,ΣΩΣΤΟΥ
47,896,ΦΙΛΛΥΡΑΣ
50,,ΤΡΙΚΑΛΩΝ
50,940,ΚΑΛΑΜΠΑΚΑΣ
50,952,ΠΥΛΗΣ
50,954,ΤΡΙΚΚΑΙΩΝ
50,957,ΦΑΡΚΑΔΟΝΑΣ
11,,ΑΧΑΙΑΣ
11,222,ΑΙΓΕΙΡΑΣ
11,223,ΑΙΓΙΟΥ
11,224,ΑΚΡΑΤΑΣ
11,225,ΑΡΟΑΝΙΑΣ
11,227,ΔΙΑΚΟΠΤΟΥ
11,228,ΔΥΤ.ΑΧΑΙΑΣ(ΔΥΜΑΙΩΝ)
11,229,ΕΡΙΝΕΟΥ
11,243,ΕΡΥΜΑΝΘΟΥ
11,230,ΚΑΛΑΒΡΥΤΩΝ
11,232,ΛΕΥΚΑΣΙΟΥ
11,235,ΠΑΙΩΝ
11,237,ΠΑΤΡΕΩΝ
11,239,ΣΥΜΠΟΛΙΤΕΙΑΣ
62,,ΚΟΡΙΝΘΙΑΣ
62,1414,ΑΡΓΟΥΣ/ΓΥΜΝΟ
62,1415,ΑΡΓΟΥΣ/ΠΛΑΤΑΝΙ
62,1207,ΒΕΛΟΥ - ΒΟΧΑΣ/ΒΕΛΟ
62,1318,ΒΕΛΟΥ - ΒΟΧΑΣ/ΒΟΧΑΪΚΟ
62,1203,ΒΕΛΟΥ - ΒΟΧΑΣ/ΒΡΑΧΑΤΙ
62,1505,ΒΕΛΟΥ - ΒΟΧΑΣ/ΕΛΛΗΝΟΧΩΡΙ
62,1418,ΒΕΛΟΥ - ΒΟΧΑΣ/ΕΥΑΓΓΕΛΙΣΤΡΙΑ
62,1262,ΒΕΛΟΥ - ΒΟΧΑΣ/ΖΕΥΓΟΛΑΤΙΟ
62,1422,ΒΕΛΟΥ - ΒΟΧΑΣ/ΚΑΛΕΝΤΖΙ
62,1307,ΒΕΛΟΥ - ΒΟΧΑΣ/ΚΟΚΚΩΝΙ
62,1326,ΒΕΛΟΥ - ΒΟΧΑΣ/ΚΡΗΝΕΣ
62,1358,ΒΕΛΟΥ - ΒΟΧΑΣ/ΜΠΟΛΑΤΙ
62,1277,ΒΕΛΟΥ - ΒΟΧΑΣ/ΝΕΡΑΝΤΖΑΣ
62,1423,ΒΕΛΟΥ - ΒΟΧΑΣ/ΠΟΥΛΙΤΣΑ
62,1420,ΒΕΛΟΥ - ΒΟΧΑΣ/ΣΟΥΛΙΝΑΡΙ
62,1424,ΒΕΛΟΥ - ΒΟΧΑΣ/ΣΤΙΜΑΓΚΑ
62,1425,ΒΕΛΟΥ - ΒΟΧΑΣ/ΤΑΡΣΙΝΑ
62,1421,ΒΕΛΟΥ - ΒΟΧΑΣ/ΧΑΛΚΙ
62,1610,ΕΒΡΟΣΤΙΝΗ/ΣΠΑΡΤΙΝΕΪΚΑ
62,1301,ΚΟΡΙΝΘΙΩΝ/ΑΓ. ΒΑΣΙΛΕΙΟΣ
62,1400,ΚΟΡΙΝΘΙΩΝ/ΑΓΓΕΛΟΚΑΣΤΡΟ
62,1276,ΚΟΡΙΝΘΙΩΝ/ΑΓΙΟΝΟΡΙ
62,1402,ΚΟΡΙΝΘΙΩΝ/ΑΓΙΟΥ ΙΩΑΝΝΗ
62,1314,ΚΟΡΙΝΘΙΩΝ/ΑΘΙΚΙΑ
62,1405,ΚΟΡΙΝΘΙΩΝ/ΑΛΜΥΡΗ
62,1213,ΚΟΡΙΝΘΙΩΝ/ΑΜΟΝΙ
62,1186,ΚΟΡΙΝΘΙΩΝ/ΑΡΧ. ΚΟΡΙΝΘΟΣ
62,1191,ΚΟΡΙΝΘΙΩΝ/ΑΣΣΟΣ
62,1417,ΚΟΡΙΝΘΙΩΝ/ΒΕΛΛΙΝΙΑΤΙΚΑ
62,1275,ΚΟΡΙΝΘΙΩΝ/ΓΑΛΑΤΑΚΙ
62,1324,ΚΟΡΙΝΘΙΩΝ/ΕΞΑΜΙΛΙΑ
62,1278,ΚΟΡΙΝΘΙΩΝ/Κ. ΑΣΣΟΣ
62,1403,ΚΟΡΙΝΘΙΩΝ/ΚΑΤΑΚΑΛΙ
62,1416,ΚΟΡΙΝΘΙΩΝ/ΚΑΤΩ ΑΣΣΟΣ
62,1396,ΚΟΡΙΝΘΙΩΝ/ΚΕΧΡΙΕΣ
62,1338,ΚΟΡΙΝΘΙΩΝ/ΚΛΕΝΙΑ
62,1082,ΚΟΡΙΝΘΙΩΝ/ΚΟΡΙΝΘΟΥ
62,1212,ΚΟΡΙΝΘΙΩΝ/ΚΟΡΦΟΣ
62,1274,ΚΟΡΙΝΘΙΩΝ/ΚΟΥΤΑΛΑ
62,1279,ΚΟΡΙΝΘΙΩΝ/ΛΕΧΑΙΟ
62,1211,ΚΟΡΙΝΘΙΩΝ/ΛΟΥΤΡΑ ΩΡ. ΕΛΕΝΗΣ
62,1315,ΚΟΡΙΝΘΙΩΝ/ΜΑΨΟΣ
62,1281,ΚΟΡΙΝΘΙΩΝ/ΞΥΛΟΚΕΡΙΖΑ
62,1401,ΚΟΡΙΝΘΙΩΝ/ΟΣΥΤΕ
62,1271,ΚΟΡΙΝΘΙΩΝ/ΠΕΡΙΓΙΑΛΙ
62,1404,ΚΟΡΙΝΘΙΩΝ/ΡΗΤΟ
62,1272,ΚΟΡΙΝΘΙΩΝ/ΣΟΛΟΜΟΣ
62,1268,ΚΟΡΙΝΘΙΩΝ/ΣΟΦΙΚΟ
62,1323,ΚΟΡΙΝΘΙΩΝ/ΣΠΑΘΟΒΟΥΝΙ
62,1317,ΚΟΡΙΝΘΙΩΝ/ΣΤΕΦΑΝΙ
62,1273,ΚΟΡΙΝΘΙΩΝ/ΧΙΛΙΟΜΟΔΙ
62,1762,ΚΟΡΙΝΘΟΥ
62,1086,ΛΟΥΤΡΑΚΙΟΥ-ΑΓ.ΘΕΟΔΩΡΩΝ/ΑΓΙΟΙ ΘΕΟΔΩΡΟΙ
62,1399,ΛΟΥΤΡΑΚΙΟΥ-ΑΓ.ΘΕΟΔΩΡΩΝ/ΒΟΥΛΙΑΓΜΕΝΗ
62,1215,ΛΟΥΤΡΑΚΙΟΥ-ΑΓ.ΘΕΟΔΩΡΩΝ/ΙΣΘΜΙΑ
62,1214,ΛΟΥΤΡΑΚΙΟΥ-ΑΓ.ΘΕΟΔΩΡΩΝ/ΚΑΛΑΜΑΚΙ
62,1133,ΛΟΥΤΡΑΚΙΟΥ-ΑΓ.ΘΕΟΔΩΡΩΝ/ΚΥΡΑ ΒΡΥΣΗ
62,1081,ΛΟΥΤΡΑΚΙΟΥ-ΑΓ.ΘΕΟΔΩΡΩΝ/ΛΟΥΤΡΑΚΙ
62,1364,ΛΟΥΤΡΑΚΙΟΥ-ΑΓ.ΘΕΟΔΩΡΩΝ/ΠΕΡΑΧΩΡΑ
62,1398,ΛΟΥΤΡΑΚΙΟΥ-ΑΓ.ΘΕΟΔΩΡΩΝ/ΠΙΣΙΑ
62,1397,ΛΟΥΤΡΑΚΙΟΥ-ΑΓ.ΘΕΟΔΩΡΩΝ/ΣΟΥΣΑΚΙ
62,1135,ΛΟΥΤΡΑΚΙΟΥ-ΑΓ.ΘΕΟΔΩΡΩΝ/ΣΧΟΙΝΟΣ
62,1093,ΜΕΓΑΡΕΩΝ/ΚΙΝΕΤΤΑ
62,1512,ΝΕΜΕΑΣ/ΑΓΙΟΣ ΒΑΣΙΛΕΙΟΣ
62,1406,ΝΕΜΕΑΣ/ΑΗΔΟΝΙΑ
62,1408,ΝΕΜΕΑΣ/ΑΡΧ. ΝΕΜΕΑ
62,1407,ΝΕΜΕΑΣ/ΑΡΧ.ΚΛΕΩΝΕΣ
62,1409,ΝΕΜΕΑΣ/ΓΑΛΑΤΑ
62,1697,ΝΕΜΕΑΣ/ΓΥΜΝΟ
62,1410,ΝΕΜΕΑΣ/ΔΑΦΝΗ
62,1411,ΝΕΜΕΑΣ/ΚΑΣΤΡΑΚΙ
62,1319,ΝΕΜΕΑΣ/ΚΟΥΤΣΙ
62,1412,ΝΕΜΕΑΣ/ΛΕΟΝΤΙΟ
62,1698,ΝΕΜΕΑΣ/ΜΠΟΖΙΚΑ
62,1300,ΝΕΜΕΑΣ/ΝΕΜΕΑ
62,1413,ΝΕΜΕΑΣ/ΠΕΤΡΙ
62,1528,ΞΥΛΟΚΑΣΤΡΟΥ-ΕΥΡΩΣΤΙΝΗΣ/ΑΜΦΙΘΕΑ
62,1285,ΞΥΛΟΚΑΣΤΡΟΥ-ΕΥΡΩΣΤΙΝΗΣ/ΑΝΩ ΤΡΙΚΑΛΑ
62,1350,ΞΥΛΟΚΑΣΤΡΟΥ-ΕΥΡΩΣΤΙΝΗΣ/ΒΡΥΣΟΥΛΕΣ
62,1267,ΞΥΛΟΚΑΣΤΡΟΥ-ΕΥΡΩΣΤΙΝΗΣ/ΓΕΛΗΝΙΑΤΙΚΑ
62,1309,ΞΥΛΟΚΑΣΤΡΟΥ-ΕΥΡΩΣΤΙΝΗΣ/ΓΕΛΙΝΙ
62,1379,ΞΥΛΟΚΑΣΤΡΟΥ-ΕΥΡΩΣΤΙΝΗΣ/ΔΕΝΔΡΟ
62,1192,ΞΥΛΟΚΑΣΤΡΟΥ-ΕΥΡΩΣΤΙΝΗΣ/ΔΕΡΒΕΝΙ
62,1390,ΞΥΛΟΚΑΣΤΡΟΥ-ΕΥΡΩΣΤΙΝΗΣ/ΕΒΡΟΣΤΙΝΗ
62,1391,ΞΥΛΟΚΑΣΤΡΟΥ-ΕΥΡΩΣΤΙΝΗΣ/ΕΛΛΗΝΙΚΟ
62,1310,ΞΥΛΟΚΑΣΤΡΟΥ-ΕΥΡΩΣΤΙΝΗΣ/ΖΑΧΟΛΙ
62,1302,ΞΥΛΟΚΑΣΤΡΟΥ-ΕΥΡΩΣΤΙΝΗΣ/ΖΕΜΕΝΟ
62,1380,ΞΥΛΟΚΑΣΤΡΟΥ-ΕΥΡΩΣΤΙΝΗΣ/ΘΑΛΕΡΟ
62,1200,ΞΥΛΟΚΑΣΤΡΟΥ-ΕΥΡΩΣΤΙΝΗΣ/ΘΡΟΦΑΡΙ
62,1336,ΞΥΛΟΚΑΣΤΡΟΥ-ΕΥΡΩΣΤΙΝΗΣ/ΚΑΛΛΙΘΕΑ
62,1193,ΞΥΛΟΚΑΣΤΡΟΥ-ΕΥΡΩΣΤΙΝΗΣ/ΚΑΜΑΡΙ
62,1320,ΞΥΛΟΚΑΣΤΡΟΥ-ΕΥΡΩΣΤΙΝΗΣ/ΚΑΡΥΑ
62,1381,ΞΥΛΟΚΑΣΤΡΟΥ-ΕΥΡΩΣΤΙΝΗΣ/ΚΑΡΥΩΤΙΚΑ
62,1382,ΞΥΛΟΚΑΣΤΡΟΥ-ΕΥΡΩΣΤΙΝΗΣ/ΚΑΤΩ ΤΡΙΚΑΛΑ
62,1349,ΞΥΛΟΚΑΣΤΡΟΥ-ΕΥΡΩΣΤΙΝΗΣ/ΚΟΡΦΙΩΤΙΣΣΑ
62,1383,ΞΥΛΟΚΑΣΤΡΟΥ-ΕΥΡΩΣΤΙΝΗΣ/ΛΑΓΚΑΔΙΩΤΙΚΑ
62,1161,ΞΥΛΟΚΑΣΤΡΟΥ-ΕΥΡΩΣΤΙΝΗΣ/ΛΟΥΤΡΟ
62,1297,ΞΥΛΟΚΑΣΤΡΟΥ-ΕΥΡΩΣΤΙΝΗΣ/ΛΥΓΙΑ
62,1141,ΞΥΛΟΚΑΣΤΡΟΥ-ΕΥΡΩΣΤΙΝΗΣ/ΛΥΚΟΠΟΡΙΑ
62,1384,ΞΥΛΟΚΑΣΤΡΟΥ-ΕΥΡΩΣΤΙΝΗΣ/ΜΑΝΝΑ
62,1523,ΞΥΛΟΚΑΣΤΡΟΥ-ΕΥΡΩΣΤΙΝΗΣ/ΜΑΥΡΑ ΛΙΘΑΡΙΑ
62,1286,ΞΥΛΟΚΑΣΤΡΟΥ-ΕΥΡΩΣΤΙΝΗΣ/ΜΕΛΙΣΣΙ
62,1284,ΞΥΛΟΚΑΣΤΡΟΥ-ΕΥΡΩΣΤΙΝΗΣ/ΜΕΣ. ΤΡΙΚΑΛΑ
62,1385,ΞΥΛΟΚΑΣΤΡΟΥ-ΕΥΡΩΣΤΙΝΗΣ/ΞΑΝΘΟΧΩΡΙ
62,1099,ΞΥΛΟΚΑΣΤΡΟΥ-ΕΥΡΩΣΤΙΝΗΣ/ΞΥΛΟΚΑΣΤΡΟ
62,1386,ΞΥΛΟΚΑΣΤΡΟΥ-ΕΥΡΩΣΤΙΝΗΣ/ΠΑΝΑΡΙΤΙ
62,1387,ΞΥΛΟΚΑΣΤΡΟΥ-ΕΥΡΩΣΤΙΝΗΣ/ΠΕΛΛΗΝΗ
62,1316,ΞΥΛΟΚΑΣΤΡΟΥ-ΕΥΡΩΣΤΙΝΗΣ/ΠΕΤΑΛΟΥ
62,1194,ΞΥΛΟΚΑΣΤΡΟΥ-ΕΥΡΩΣΤΙΝΗΣ/ΠΙΤΣΑ
62,1308,ΞΥΛΟΚΑΣΤΡΟΥ-ΕΥΡΩΣΤΙΝΗΣ/ΠΥΡΓΟΥ
62,1311,ΞΥΛΟΚΑΣΤΡΟΥ-ΕΥΡΩΣΤΙΝΗΣ/ΡΕΘΙ
62,1388,ΞΥΛΟΚΑΣΤΡΟΥ-ΕΥΡΩΣΤΙΝΗΣ/ΡΙΖΑ
62,1321,ΞΥΛΟΚΑΣΤΡΟΥ-ΕΥΡΩΣΤΙΝΗΣ/ΡΟΖΕΝΑ
62,1393,ΞΥΛΟΚΑΣΤΡΟΥ-ΕΥΡΩΣΤΙΝΗΣ/ΣΑΡΑΝΤΑΠΗΧΙΩΤΙΚΑ
62,1392,ΞΥΛΟΚΑΣΤΡΟΥ-ΕΥΡΩΣΤΙΝΗΣ/ΣΑΡΑΝΤΑΠΗΧΟ
62,1389,ΞΥΛΟΚΑΣΤΡΟΥ-ΕΥΡΩΣΤΙΝΗΣ/ΣΟΦΙΑΝΑ
62,1611,ΞΥΛΟΚΑΣΤΡΟΥ-ΕΥΡΩΣΤΙΝΗΣ/ΣΠΑΡΤΙΝΕΪΚΑ
62,1394,ΞΥΛΟΚΑΣΤΡΟΥ-ΕΥΡΩΣΤΙΝΗΣ/ΣΤΟΜΙ
62,1303,ΞΥΛΟΚΑΣΤΡΟΥ-ΕΥΡΩΣΤΙΝΗΣ/ΣΤΥΛΙΑ
62,1282,ΞΥΛΟΚΑΣΤΡΟΥ-ΕΥΡΩΣΤΙΝΗΣ/ΣΥΚΙΑ
62,1395,ΞΥΛΟΚΑΣΤΡΟΥ-ΕΥΡΩΣΤΙΝΗΣ/ΧΕΛΙΔΩΡΙ
62,1374,ΣΙΚΥΩΝΙΩΝ/ΑΝΩ ΔΙΜΗΝΙΟ
62,1325,ΣΙΚΥΩΝΙΩΝ/ΑΡΧ. ΦΕΝΕΟΣ
62,1312,ΣΙΚΥΩΝΙΩΝ/ΑΡΧ. ΦΕΝΕΟΣ(ΚΑΛΥΒΙΑ)
62,1134,ΣΙΚΥΩΝΙΩΝ/ΑΣΠΡΟΚΑΜΠΟΣ
62,1370,ΣΙΚΥΩΝΙΩΝ/ΒΑΣΙΛΙΚΟ
62,1372,ΣΙΚΥΩΝΙΩΝ/ΒΕΛΙΝΑ
62,1426,ΣΙΚΥΩΝΙΩΝ/ΓΚΟΥΡΑ
62,1373,ΣΙΚΥΩΝΙΩΝ/ΓΟΝΟΥΣΑ
62,1599,ΣΙΚΥΩΝΙΩΝ/ΔΙΜΗΝΙΟ
62,1434,ΣΙΚΥΩΝΙΩΝ/ΔΡΟΣΟΠΗΓΗ
62,1435,ΣΙΚΥΩΝΙΩΝ/ΚΑΙΣΑΡΙ
62,1337,ΣΙΚΥΩΝΙΩΝ/ΚΑΛΙΑΝΟΙ
62,1195,ΣΙΚΥΩΝΙΩΝ/ΚΑΡΤΕΡΙ
62,1432,ΣΙΚΥΩΝΙΩΝ/ΚΑΣΤΑΝΙΑΣ
62,1103,ΣΙΚΥΩΝΙΩΝ/ΚΑΤΩ ΔΙΜΗΝΙΟ
62,1427,ΣΙΚΥΩΝΙΩΝ/ΚΑΤΩ ΤΑΡΣΟΣ
62,1197,ΣΙΚΥΩΝΙΩΝ/ΚΕΦΑΛΑΡΙ
62,1100,ΣΙΚΥΩΝΙΩΝ/ΚΙΑΤΟ
62,1298,ΣΙΚΥΩΝΙΩΝ/ΚΙΟΝΙΑ
62,1327,ΣΙΚΥΩΝΙΩΝ/ΚΛΗΜΕΝΤΙ
62,1296,ΣΙΚΥΩΝΙΩΝ/ΚΡΥΟΝΕΡΙ
62,1210,ΣΙΚΥΩΝΙΩΝ/ΚΥΛΛΗΝΗ(ΜΠΟΥΖΙ)
62,1209,ΣΙΚΥΩΝΙΩΝ/ΛΑΛΙΩΤΙ
62,1433,ΣΙΚΥΩΝΙΩΝ/ΛΑΥΚΑ
62,1313,ΣΙΚΥΩΝΙΩΝ/ΜΑΤΙ
62,1375,ΣΙΚΥΩΝΙΩΝ/ΜΕΓ.ΒΑΛΤΟΥ
62,1428,ΣΙΚΥΩΝΙΩΝ/ΜΕΣΙΝΟ
62,1201,ΣΙΚΥΩΝΙΩΝ/ΜΙΚ. ΒΑΛΤΟΣ
62,1429,ΣΙΚΥΩΝΙΩΝ/ΜΟΣΙΑ
62,1198,ΣΙΚΥΩΝΙΩΝ/ΜΟΥΛΚΙ
62,1376,ΣΙΚΥΩΝΙΩΝ/ΜΠΟΖΙΚΑ
62,1430,ΣΙΚΥΩΝΙΩΝ/ΠΑΝΟΡΑΜΑ
62,1377,ΣΙΚΥΩΝΙΩΝ/ΠΑΡΑΔΕΙΣΙ
62,1199,ΣΙΚΥΩΝΙΩΝ/ΠΑΣΣΙΟ
62,1208,ΣΙΚΥΩΝΙΩΝ/ΣΟΥΛΙ
62,1346,ΣΙΚΥΩΝΙΩΝ/ΣΤΕΝΟ
62,1196,ΣΙΚΥΩΝΙΩΝ/ΣΤΥΜΦΑΛΙΑ
62,1378,ΣΙΚΥΩΝΙΩΝ/ΤΙΤΑΝΙ
62,1431,ΣΙΚΥΩΝΙΩΝ/ΦΕΝΕΟΣ
62,1436,ΣΙΚΥΩΝΙΩΝ/ΨΑΡΙ
21,,ΗΡΑΚΛΕΙΟΥ
21,404,ΑΡΧΑΝΩΝ-ΑΣΤΕΡΟΥΣΙΩΝ
21,406,ΒΙΑΝΝΟΥ
21,409,ΓΟΡΤΥΝΑΣ
21,413,ΗΡΑΚΛΕΙΟΥ
21,414,ΜΑΛΕΒΙΖΙΟΥ
21,418,ΜΙΝΩΑ ΠΕΔΙΑΔΟΣ
21,1652,ΦΑΙΣΤΟΥ
21,427,ΧΕΡΣΟΝΗΣΟΥ
67,,ΑΙΤΩΛΟΑΚΑΡΝΑΝΙΑΣ
67,1531,ΑΓΓΕΛΟΚΑΣΤΡΟΥ
67,1532,ΑΓΡΙΝΙΟΥ
67,1533,ΑΙΤΩΛΙΚΟΥ
67,1534,ΑΛΥΖΙΑΣ
67,1535,ΑΜΦΙΛΟΧΙΑΣ
67,1536,ΑΝΑΚΤΟΡΙΟΥ
67,1537,ΑΝΤΙΡΡΙΟΥ
67,1538,ΑΠΟΔΟΤΙΑΣ
67,1539,ΑΡΑΚΥΝΘΟΥ
67,1530,ΑΣΤΑΚΟΥ
67,1624,ΒΟΝΙΤΣΑ
67,1592,ΕΥΠΑΛΙΟΥ
67,1540,ΘΕΡΜΟΥ
67,1541,ΘΕΣΤΙΕΩΝ
67,1546,Ι.Π. ΜΕΣΟΛΟΓΓΙΟΥ
67,1542,ΙΝΑΧΟΥ
67,1543,ΜΑΚΡΥΝΕΙΑΣ
67,1544,ΜΕΔΕΩΝΟΣ
67,1545,ΜΕΝΙΔΙΟΥ
67,1724,ΜΟΝΑΣΤΗΡΑΚΙ
67,1547,ΝΑΥΠΑΚΤΟΥ
67,1548,ΝΕΑΠΟΛΗΣ
67,1769,ΞΗΡΟΜΕΡΟΥ
67,1549,ΟΙΝΙΑΔΩΝ
67,1550,ΠΑΛΑΙΡΟΥ
67,1551,ΠΑΝΑΙΤΩΛΙΚΟΥ
67,1552,ΠΑΡΑΒΟΛΑΣ
67,1553,ΠΑΡΑΚΑΜΠΥΛΙΩΝ
67,1628,ΠΕΡΑΤΙΑΣ
67,1568,ΠΛΑΓΙΑ
67,1554,ΠΛΑΤΑΝΟΥ
67,1658,ΠΟΓΩΝΙΑ
67,1555,ΠΥΛΛΗΝΗΣ
67,1556,ΣΤΡΑΤΟΥ
67,1557,ΦΥΤΕΙΩΝ
67,1558,ΧΑΛΚΕΙΑΣ
15,,ΔΩΔΕΚΑΝΗΣΟΥ
15,292,ΑΡΧΑΓΓΕΛΟΥ
15,293,ΑΣΤΥΠΑΛΑΙΑΣ
15,294,ΑΤΑΒΥΡΟΥ
15,295,ΑΦΑΝΤΟΥ
15,296,ΔΙΚΑΙΟΥ
15,297,ΗΡΑΚΛΕΙΔΩΝ
15,298,ΙΑΛΥΣΟΥ
15,299,ΚΑΛΛΙΘΕΑΣ
15,300,ΚΑΛΥΜΝΙΩΝ
15,301,ΚΑΜΕΙΡΟΥ
15,302,ΚΑΡΠΑΘΟΥ
15,303,ΚΑΣΟΥ
15,304,ΚΩ
15,305,ΛΕΙΨΩΝ
15,306,ΛΕΡΟΥ
15,307,ΛΙΝΔΙΩΝ
15,308,ΜΕΓΙΣΤΗΣ
15,309,ΝΙΣΥΡΟΥ
15,310,ΝΟΤΙΑΣ ΡΟΔΟΥ
15,317,ΟΛΥΜΠΟΥ
15,311,ΠΑΤΜΟΥ
15,312,ΠΕΤΑΛΟΥΔΩΝ
15,313,ΡΟΔΟΥ
15,314,ΣΥΜΗΣ
15,315,ΤΗΛΟΥ
15,316,ΧΑΛΚΗΣ
23,,ΘΕΣΣΑΛΟΝΙΚΗΣ
23,438,ΑΓ.ΑΘΑΝΑΣΙΟΥ
23,439,ΑΓ.ΠΑΥΛΟΥ
23,440,ΑΓΙΟΥ ΓΕΩΡΓΙΟΥ
23,441,ΑΜΠΕΛΟΚΗΠΩΝ
23,176,0 ΑΜΠΕΛΟΚΗΠΩΝ-ΜΕΝΕΜΕΝΗΣ
23,442,ΑΞΙΟΥ
23,443,ΑΠΟΛΛΩΝΙΑΣ
23,444,ΑΡΕΘΟΥΣΗΣ
23,445,ΑΣΣΗΡΟΥ
23,447,ΒΕΡΤΙΣΚΟΥ
23,1761,ΒΟΛΒΗΣ
23,1757,ΔΕΛΤΑ
23,448,ΕΓΝΑΤΙΑΣ
23,481,ΕΥΚΑΡΠΙΑΣ
23,450,ΕΥΟΣΜΟΥ
23,451,ΕΧΕΔΩΡΟΥ
23,1773,ΘΕΡΜΑΙΚΟΥ
23,1771,ΘΕΡΜΑΙΚΟΥ Δ.Δ. ΑΓ. ΤΡΙΑΔΟΣ
23,1772,ΘΕΡΜΑΙΚΟΥ Δ.Δ. ΜΕΣΗΜΕΡΙΟΥ
23,1770,ΘΕΡΜΑΙΚΟΥ Δ.Δ. Ν.ΕΠΙΒΑΤΩΝ
23,452,ΘΕΡΜΑΙΚΟΥ Δ.Δ. ΠΕΡΑΙΑΣ
23,449,ΘΕΡΜΑΙΚΟΥ Δ.Δ.ΕΠΑΝΟΜΗΣ
23,465,ΘΕΡΜΑΙΚΟΥ Δ.Δ.ΜΗΧΑΝΙΩΝΑΣ
23,1968,ΘΕΡΜΑΙΟΥ Δ.Δ. Ν. ΕΠΙΒΑΤΩΝ
23,453,ΘΕΡΜΗΣ  Δ.Δ. ΘΕΡΜΗΣ
23,466,ΘΕΡΜΗΣ  Δ.Ε.ΜΙΚΡΑΣ
23,446,ΘΕΡΜΗΣ Δ.Ε.ΒΑΣΙΛΙΚΩΝ
23,454,ΘΕΣΣΑΛΟΝΙΚΗΣ
23,455,ΚΑΛΑΜΑΡΙΑΣ
23,456,ΚΑΛΛΙΘΕΑΣ
23,457,ΚΑΛΛΙΝΔΑΙΩΝ
23,458,ΚΟΡΔΕΛΙΟΥ
23,1759,ΚΟΡΔΕΛΙΟΥ-ΕΥΟΣΜΟΥ
23,459,ΚΟΡΩΝΕΙΑΣ
23,460,ΚΟΥΦΑΛΙΩΝ
23,461,ΛΑΓΚΑΔΑ
23,462,ΛΑΧΑΝΑ
23,463,ΜΑΔΥΤΟΥ
23,464,ΜΕΝΕΜΕΝΗΣ
23,467,ΜΥΓΔΟΝΙΑΣ
23,468,ΝΕΑΠΟΛΗΣ
23,1758,ΠΑΥΛΟΥ ΜΕΛΑ
23,482,ΠΕΥΚΩΝ
23,470,ΠΟΛΙΧΝΗΣ
23,471,ΠΥΛΑΙΑΣ-ΧΟΡΤΙΑΤΗ  Δ.Ε.ΠΥΛΑΙΑΣ
23,479,ΠΥΛΑΙΑΣ-ΧΟΡΤΙΑΤΗ Δ.Δ. ΧΟΡΤΙΑΤΗ
23,469,ΠΥΛΑΙΑΣ-ΧΟΡΤΙΑΤΗ Δ.Δ.ΠΑΝΟΡΑΜΑΤΟΣ
23,472,ΡΕΝΤΙΝΑΣ
23,473,ΣΟΧΟΥ
23,474,ΣΤΑΥΡ/ΛΕΩΣ
23,475,ΣΥΚΕΩΝ
23,476,ΤΡΙΑΝΔΡΙΑΣ
23,477,ΧΑΛΑΣΤΡΑΣ
23,478,ΧΑΛΚΗΔΟΝΟΣ
23,480,ΩΡΑΙΟΚΑΣΤΡΟΥ
30,,ΚΙΛΚΙΣ
30,600 ΑΞΙΟΥΠΟΛΕΩΣ
30,601 ΓΑΛΛΙΚΟΥ
30,602 ΓΟΥΜΕΝΙΣΣΑΣ
30,603 ΔΟΙΡΑΝΗΣ
30,604 ΕΥΡΩΠΟΥ
30,605 ΚΙΛΚΙΣ
30,606 ΚΡΟΥΣΣΩΝ
30,607 ΛΑΧΑΝΑ
30,612 ΛΙΒΑΔΙΩΝ
30,608 ΜΟΥΡΙΩΝ
30,609 ΠΙΚΡΟΛΙΜΝΗΣ
30,610 ΠΟΛΥΚΑΣΤΡΟΥ
30,611 ΧΕΡΣΟΥ
13,,ΓΡΕΒΕΝΩΝ
13,269,ΓΡΕΒΕΝΩΝ
13,270,ΔΕΣΚΑΤΗΣ
25,,ΚΑΒΑΛΑΣ
25,526 ΘΑΣΟΥ
25,527 ΚΑΒΑΛΑΣ
25,534 ΝΕΣΤΟΥ
25,531 ΠΑΓΓΑΙΟΥ
49,,ΣΕΡΡΩΝ
49,93,Α.ΒΡΟΝΤΟΥΣ
49,93,ΑΓΚΙΣΤΡΟΥ
49,90,ΑΛΙΣΤΡΑΤΗΣ
49,91,ΑΜΦΙΠΟΛΗΣ
49,91,ΑΧΙΝΟΥ
49,93,ΑΧΛΑΔΟΧΩΡΙΟΥ
49,91,ΒΙΣΑΛΤΙΑΣ
49,91,ΕΜΜΑΝ.ΠΑΠΠΑ
49,91,ΗΡΑΚΛΕΙΑΣ
49,91,Κ.ΜΗΤΡΟΥΣΙΟΥ
49,91,ΚΕΡΚΙΝΗΣ
49,91,ΚΟΡΜΙΣΤΑΣ
49,91,ΛΕΥΚΩΝΑ
49,91,ΝΕΑΣ ΖΙΧΝΗΣ
49,92,ΝΙΓΡΙΤΗΣ
49,93,ΟΡΕΙΝΗΣ
49,92,ΠΕΤΡΙΤΣΙΟΥ
49,93,ΠΡΟΜΑΧΩΝΟΣ
49,92,ΠΡΩΤΗΣ
49,92,ΡΟΔΟΛΙΒΟΥΣ
49,92,ΣΕΡΡΩΝ
49,92,ΣΙΔΗΡΟΚΑΣΤΡΟΥ
49,1969,ΣΙΝΤΙΚΗΣ
49,926,ΣΚΟΤΟΥΣΣΗΣ
49,927,ΣΚΟΥΤΑΡΕΩΣ
49,928,ΣΤΡΥΜΟΝΙΚΟΥ
49,929,ΣΤΡΥΜΩΝΑ
49,930,ΤΡΑΓΙΛΟΥ
48,,ΣΑΜΟΥ
48,901,ΑΓ.ΚΗΡΥΚΟΥ
48,908,ΑΓΑΘΟΝΗΣΙΟΥ
48,902,ΒΑΘΕΟΣ
48,903,ΕΥΔΗΛΟΥ
48,904,ΚΑΡΛΟΒΑΣΙΩΝ
48,905,ΜΑΡΑΘΟΚΑΜΠΟΥ
48,906,ΠΥΘΑΓΟΡΕΙΟΥ
48,907,ΡΑΧΩΝ
48,900,ΦΟΥΡΝΩΝ-ΚΟΡΣΕΩΝ
43,,ΠΕΛΛΗΣ
43,842 ΑΡΙΔΑΙΑΣ
43,843 ΒΕΓΟΡΙΤΙΔΑΣ
43,844 ΓΙΑΝΝΙΤΣΩΝ
43,845 ΕΔΕΣΣΗΣ
43,846 ΕΞΑΠΛΑΤΑΝΟΥ
43,847 ΚΡΥΑΣ ΒΡΥΣΗΣ
43,848 ΚΥΡΡΟΥ
43,849 ΜΕΓ.ΑΛΕΞΑΝΔΡΟΥ
43,850 ΜΕΝΗΙΔΟΣ
43,851 ΠΕΛΛΑΣ
43,852 ΣΚΥΔΡΑΣ
40,,ΜΕΣΣΗΝΙΑΣ
40,792,ΑΒΙΑΣ
40,793,ΑΕΤΟΥ
40,794,ΑΙΠΕΙΑΣ
40,795,ΑΝΔΑΝΙΑΣ
40,796,ΑΝΔΡΟΥΣΑΣ
40,797,ΑΡΙΟΣ
40,798,ΑΡΙΣΤΟΜΕΝΟΥΣ
40,799,ΑΡΦΑΡΩΝ
40,800,ΑΥΛΩΝΑ
40,801,ΒΟΥΦΡΑΔΩΝ
40,802,ΓΑΡΓΑΛΙΑΝΩΝ
40,803,ΔΩΡΙΟΥ
40,804,ΕΙΡΑΣ
40,805,ΘΟΥΡΙΑΣ
40,806,ΙΘΩΜΗΣ
40,807,ΚΑΛΑΜΑΤΑΣ
40,808,ΚΟΡΩΝΗΣ
40,809,ΚΥΠΑΡΙΣΣΙΑΣ
40,810,ΛΕΥΚΤΡΟΥ
40,811,ΜΕΘΩΝΗΣ
40,812,ΜΕΛΙΓΑΛΑ
40,813,ΜΕΣΣΗΝΗΣ
40,814,ΝΕΣΤΟΡΟΣ
40,815,ΟΙΧΑΛΙΑΣ
40,816,ΠΑΠΑΦΛΕΣΣΑ
40,817,ΠΕΤΑΛΙΔΙΟΥ
40,818,ΠΥΛΟΥ
40,821,ΤΡΙΚΟΡΦΟΥ
40,822,ΤΡΙΠΥΛΑΣ
40,819,ΦΙΛΙΑΤΡΩΝ
40,820,ΧΙΛΙΟΧΩΡΙΩΝ
35,,ΛΑΡΙΣΑΣ
35,2044, ΤΕΜΠΩΝ
35,703,ΑΓΙΑΣ
35,731,ΑΜΠΕΛΑΚΙΩΝ
35,704,ΑΜΠΕΛΩΝΟΣ
35,705,ΑΝΤΙΧΑΣΙΩΝ
35,706,ΑΡΜΕΝΙΟΥ
35,732,ΒΕΡΔΙΚΟΥΣΣΗΣ
35,707,ΓΙΑΝΝΟΥΛΗΣ
35,708,ΓΟΝΝΩΝ
35,1863,ΔΗΜΟΣ
35,1919,ΔΗΜΟΣ ΤΕΜΠΩΝ
35,709,ΕΛΑΣΣΟΝΟΣ
35,710,ΕΝΙΠΠΕΑ
35,711,ΕΥΡΥΜΕΝΩΝ
35,733,ΚΑΡΥΑΣ
35,712,ΚΑΤΩ ΟΛΥΜΠΟΥ
35,713,ΚΙΛΕΛΕΡ
35,714,ΚΟΙΛΑΔΑΣ
35,715,ΚΡΑΝΝΩΝΟΣ
35,716,ΛΑΚΕΡΕΙΑΣ
35,717,ΛΑΡΙΣΑΣ
35,718,ΛΙΒΑΔΙΟΥ
35,719,ΜΑΚΡΥΧΩΡΙΟΥ
35,720,ΜΕΛΙΒΟΙΑΣ
35,721,ΝΑΡΘΑΚΙΟΥ
35,722,ΝΕΣΣΩΝΟΣ
35,723,ΝΙΚΑΙΑΣ
35,724,ΟΛΥΜΠΟΥ
35,725,ΠΛΑΤΥΚΑΜΠΟΥ
35,726,ΠΟΛΥΔΑΜΑΝΤΑ
35,727,ΠΟΤΑΜΙΑΣ
35,728,ΣΑΡΑΝΤΑΠΟΡΟΥ
35,1878,ΤΕΜΠΩΝ
35,729,ΤΥΡΝΑΒΟΥ
35,730,ΦΑΡΣΑΛΩΝ
34,,ΛΑΚΩΝΙΑΣ
34,681,ΑΝΑΤΟΛ.ΜΑΝΗΣ
34,701,ΕΛΑΦΟΝΗΣΟΥ
34,686,ΕΥΡΩΤΑ
34,1884,ΚΥΘΗΡΩΝ
34,691,ΜΟΝΕΜΒΑΣΙΑΣ
34,699,ΣΠΑΡΤΗΣ
41,,ΞΑΝΘΗΣ
41,823,ΑΒΔΗΡΩΝ
41,824,ΒΙΣΤΩΝΙΔΟΣ
41,829,ΘΕΡΜΩΝ
41,830,ΚΟΤΥΛΗΣ
41,825,ΜΥΚΗΣ
41,826,ΞΑΝΘΗΣ
41,831,ΣΑΤΡΩΝ
41,832,ΣΕΛΕΡΟΥ
41,827,ΣΤΑΥΡΟΥΠΟΛΕΩΣ
41,828,ΤΟΠΕΙΡΟΥ
44,,ΠΙΕΡΙΑΣ
44,853,ΑΙΓΙΝΙΟΥ
44,854,ΑΝΑΤΟΛ.ΟΛΥΜΠΟΥ
44,855,ΔΙΟΥ
44,856,ΕΛΑΦΙΝΑΣ
44,857,ΚΑΤΕΡΙΝΗΣ
44,858,ΚΟΛΙΝΔΡΟΥ
44,859,ΚΟΡΙΝΟΥ
44,860,ΛΙΤΟΧΩΡΟΥ
44,861,ΜΕΘΩΝΗΣ
44,862,ΠΑΡΑΛΙΑΣ
44,863,ΠΕΤΡΑΣ
44,864,ΠΙΕΡΙΩΝ
44,865,ΠΥΔΝΑΣ
51,,ΦΘΙΩΤΙΔΑΣ
51,962,ΑΓ ΓΕΩΡ ΤΥΜΦΡΗ
51,963,ΑΓ.ΚΩΝ/ΝΟΥ
51,983,ΑΜΦΙΚΛΕΙΑΣ-ΕΛΑΤΕΙΑΣ
51,966,ΓΟΡΓΟΠΟΤΑΜΟΥ
51,967,ΔΑΦΝΟΥΣΙΩΝ
51,968,ΔΟΜΟΚΟΥ
51,970,ΕΧΙΝΑΙΩΝ
51,971,ΘΕΣΣΑΛΙΩΤΙΔΟΣ
51,972,ΚΑΜ.ΒΟΥΡΛΩΝ
51,973,ΛΑΜΙΕΩΝ
51,974,ΛΕΙΑΝΟΚΛΑΔΙΟΥ
51,985,ΛΕΥΚΟΡΙΟΥ
51,965,ΛΟΚΡΩΝ
51,975,ΜΑΚΡΑΚΩΜΗΣ
51,976,ΜΑΛΕΣΙΝΗΣ
51,977,ΜΩΛΟΥ
51,978,ΞΥΝΙΑΔΟΣ
51,979,ΟΠΟΥΝΤΙΩΝ
51,986,ΠΑΥΛΙΑΝΗΣ
51,980,ΠΕΛΑΣΓΙΑΣ
51,981,ΣΠΕΡΧΕΙΑΔΟΣ
51,982,ΣΤΥΛΙΔΟΣ
51,987,ΤΥΜΦΡΗΣΤΟΥ
51,984,ΥΠΑΤΗΣ
46,,ΡΕΘΥΜΝΟΥ
46,882,ΑΓΙΟΥ ΒΑΣΙΛΕΙΟΥ
46,881,ΑΜΑΡΙΟΥ
46,877,ΑΝΩΓΕΙΩΝ
46,880,ΜΥΛΟΠΟΤΑΜΟΥ
46,885,ΡΕΘΥΜΝΗΣ
53,ΦΩΚΙΔΑΣ
53,1000,ΑΜΦΙΣΣΗΣ
53,1001,ΒΑΡΔΟΥΣΙΩΝ
53,1002,ΓΑΛΑΞΙΔΙΟΥ
53,1003,ΓΡΑΒΙΑΣ
53,1004,ΔΕΛΦΩΝ
53,1005,ΔΕΣΦΙΝΑΣ
53,1009,ΔΩΡΙΔΟΣ
53,1572,ΕΥΠΑΛΙΟΥ
53,1007,ΙΤΕΑΣ
53,1008,ΚΑΛΛΙΕΩΝ
53,1011,ΤΟΛΟΦΩΝΟΣ
28,,ΚΕΡΚΥΡΑΣ
28,573,ΑΓΙΟΥ ΓΕΩΡΓΙΟΥ
28,574,ΑΧΙΛΛΕΙΩΝ
28,586,ΕΡΕΙΚΟΥΣΣΗΣ
28,575,ΕΣΠΕΡΙΩΝ
28,576,ΘΙΝΑΛΙΟΥ
28,201,ΚΑΠΑΝΔΡΙΤΙΟΥ
28,577,ΚΑΣΣΩΠΑΙΩΝ
28,578,ΚΕΡΚΥΡΑΙΩΝ
28,579,ΚΟΡΙΣΣΙΩΝ
28,580,ΛΕΥΚΙΜΜΑΙΩΝ
28,587,ΜΑΘΡΑΚΙΟΥ
28,581,ΜΕΛΙΤΕΙΕΩΝ
28,588,ΟΘΩΝΩΝ
28,582,ΠΑΛΑΙΟΚΑΣΤΡΙΤΩ
28,583,ΠΑΞΩΝ
28,584,ΠΑΡΕΛΙΩΝ
28,585,ΦΑΙΑΚΩΝ
27,,ΚΑΣΤΟΡΙΑΣ
27,1291,ΑΡΓΟΥΣ
27,566,ΚΑΣΤΟΡΙΑΣ
27,571,ΝΕΣΤΟΡΙΟΥ
9,,ΑΡΤΑΣ
9,1144,ΑΓ.ΔΗΜΗΤΡΙΟΥ
9,90,ΑΓΝΑΝΤΩΝ
9,91,ΑΘΑΜΑΝΙΑΣ
9,92,ΑΜΒΡΑΚΙΚΟΥ
9,1152,ΑΝΩΓΕΙΩΝ
9,93,ΑΡΑΧΘΟΥ
9,1154,ΑΡΓΙΘΕΑΣ
9,94,ΑΡΤΑΙΩΝ
9,1779,ΑΡΤΑΣ
9,1155,ΑΧΕΛΩΟΥ
9,95,ΒΛΑΧΕΡΝΑΣ
9,1561,ΒΡΑΓΚΙΑΝΑ
9,96,Γ.ΚΑΡΑΙΣΚΑΚΗ
9,1145,ΔΕΡΒΙΖΙΑΝΩΝ
9,1795,ΖΗΡΟΥ
9,97,ΗΡΑΚΛΕΙΑΣ
9,103,ΘΕΟΔΩΡΙΑΝΩΝ
9,1150,ΘΕΣΠΡΩΤΙΚΟΥ
9,1143,ΙΝΑΧΟΥ
9,2071,Κ.ΤΖΟΥΜΕΡΚΩΝ
9,1148,ΚΑΛΑΡΙΤΩΝ
9,1146,ΚΑΤΣΑΝΟΧΩΡΙΟΥ
9,2070,ΚΕΝΤΡΙΚΩΝ ΤΖΟΥΜΕΡΚΩΝ
9,104,ΚΟΜΜΕΝΟΥ
9,98,ΚΟΜΠΟΤΙΟΥ
9,1153,ΚΡΑΝΕΑΣ
9,1149,ΜΑΤΣΟΥΚΙΟΥ
9,105,ΜΕΛΙΣΣΟΥΡΓΩΝ
9,1080,ΜΕΝΙΔΙΟΥ
9,1156,ΜΥΡΟΦΥΛΛΟΥ
9,1816,Ν.ΣΚΟΥΦΑ
9,99,ΞΗΡΟΒΟΥΝΙΟΥ
9,100,ΠΕΤΑ
9,1147,ΠΡΑΜΑΝΤΩΝ
9,101,ΤΕΤΡΑΦΥΛΙΑΣ
9,1788,ΤΖΟΥΜΕΡΚΩΝ
9,1151,ΦΙΛΙΠΠΙΑΔΑΣ
9,102,ΦΙΛΟΘΕΗΣ
19,,ΗΛΕΙΑΣ
1712,,ΑΝΔΡΑΒΙΔΑΣ-ΚΥΛΛΗΝΗΣ
1713,,ΑΝΔΡΙΤΣΑΙΝΑΣ-ΚΡΕΣΤΕΝΩΝ
1714,,ΑΡΧΑΙΑΣ ΟΛΥΜΠΙΑΣ
1715,,ΖΑΧΑΡΩΣ
1716,,ΗΛΙΔΑΣ
1718,,ΠΗΝΕΙΟΥ
1717,,ΠΥΡΓΟΥ
8,,ΑΡΚΑΔΙΑΣ
8,68,ΒΑΛΤΕΤΣΙΟΥ
8,69,ΒΟΡ.ΚΥΝΟΥΡΙΑΣ
8,1519,ΒΥΤΙΝΑΣ
8,71,ΓΟΡΤΥΝΟΣ
8,72,ΔΗΜΗΤΣΑΝΗΣ
8,73,ΗΡΑΙΑΣ
8,74,ΚΛΕΙΤΟΡΟΣ
8,75,ΚΟΝΤΟΒΑΖΑΙΝΗΣ
8,76,ΚΟΡΥΘΙΟΥ
8,89,ΚΟΣΜΑ
8,77,ΛΑΓΚΑΔΙΩΝ
8,78,ΛΕΒΙΔΙΟΥ
8,79,ΛΕΩΝΙΔΙΟΥ
8,80,ΜΑΝΤΙΝΕΙΑΣ
8,81,ΜΕΓΑΛΟΠΟΛΗΣ
8,1739,Ν. ΚΥΝΟΥΡΙΑΣ
8,67,ΝΟΤΙΑΣ ΚΥΝΟΥΡΙΑΣ
8,82,ΣΚΥΡΙΤΙΔΑΣ
8,83,ΤΕΓΕΑΣ
8,84,ΤΡΙΚΟΛΩΝΩΝ
8,85,ΤΡΙΠΟΛΕΩΣ
8,86,ΤΡΟΠΑΙΩΝ
8,87,ΦΑΛΑΙΣΙΑΣ
8,88,ΦΑΛΑΝΘΟΥ
16,,ΕΥΒΟΙΑΣ
16,318,ΑΙΔΗΨΟΥ
16,319,ΑΜΑΡΥΝΘΙΩΝ
16,247,ΑΝΘΗΔΩΝΟΣ
16,320,ΑΡΤΕΜΙΣΙΟΥ
16,321,ΑΥΛΙΔΟΣ
16,322,ΑΥΛΩΝΟΣ
16,323,ΔΙΡΦΥΩΝ
16,324,ΔΥΣΤΙΩΝ
16,325,ΕΛΥΜΝΙΩΝ
16,326,ΕΡΕΤΡΙΑΣ
16,327,ΙΣΤΙΑΙΑΣ
16,328,ΚΑΡΥΣΤΟΥ
16,329,ΚΑΦΗΡΕΩΣ
16,330,ΚΗΡΕΩΣ
16,331,ΚΟΝΙΣΤΡΩΝ
16,1229,ΚΡΟΝΙΩΝ
16,332,ΚΥΜΗΣ
16,1728,ΚΥΜΗΣ ΑΛΙΒΕΡΙΟΥ
16,333,ΛΗΛΑΝΤΙΩΝ
16,343,ΛΙΧΑΔΟΣ
16,1230,ΛΟΥΚΙΣΙΩΝ
16,334,ΜΑΡΜΑΡΙΟΥ
16,335,ΜΕΣΣΑΠΙΩΝ
16,336,Ν.ΑΡΤΑΚΗΣ
16,337,ΝΗΛΕΩΣ
16,1231,ΠΑΡΑΛ. ΛΟΥΚΙΣΙΩΝ
16,1232,ΣΚΡΟΠΟΝΕΡΙΩΝ
16,338,ΣΚΥΡΟΥ
16,339,ΣΤΥΡΑΙΩΝ
16,340,ΤΑΜΙΝΑΙΩΝ
16,1067,ΤΑΜΥΝΑΙΩΝ
16,341,ΧΑΛΚΙΔΕΩΝ
16,342,ΩΡΕΩΝ
54,,ΧΑΛΚΙΔΙΚΗΣ
54,1012,ΑΝΘΕΜΟΥΝΤΑ
54,1013,ΑΡΝΑΙΑΣ
54,1663,ΔΗΜ.ΚΟΙΝΟΤΗΤΑ ΚΑΛΛΙΚΡΑΤΕΙΑΣ
54,1695,ΔΗΜ.ΚΟΙΝΟΤΗΤΑ ΚΑΣΣΑΝΔΡΑΣ
54,1661,ΔΗΜ.ΚΟΙΝΟΤΗΤΑ ΜΟΥΔΑΝΙΩΝ
54,1664,ΔΗΜ.ΚΟΙΝΟΤΗΤΑ ΣΗΜΑΝΤΡΩΝ
54,1662,ΔΗΜ.ΚΟΙΝΟΤΗΤΑ ΤΡΙΓΛΙΑΣ
54,1682,ΔΗΜ.ΚΟΙΝΟΤΗΤΑ ΦΩΚΑΙΑΣ
54,1014,ΖΕΡΒΟΧΩΡΙΩΝ
54,1019,ΟΡΜΥΛΙΑΣ
54,1021,ΠΑΝΑΓΙΑΣ
54,1022,ΠΟΛΥΓΥΡΟΥ
54,1023,ΣΙΘΩΝΙΑΣ
54,1024,ΣΤΑΓΙΡΩΝ-ΑΚΑΝΘ
54,1679,ΤΟΠ.ΚΟΙΝΟΤΗΤΑ ΑΓ.ΜΑΜΑ 
54,1675,ΤΟΠ.ΚΟΙΝΟΤΗΤΑ ΑΓ.ΠΑΝΤΕΛΕΗΜΟΝΑ
54,1690,ΤΟΠ.ΚΟΙΝΟΤΗΤΑ ΑΓ.ΠΑΡΑΣΚΕΥΗΣ
54,1667,ΤΟΠ.ΚΟΙΝΟΤΗΤΑ ΑΓ.ΠΑΥΛΟΥ
54,1683,ΤΟΠ.ΚΟΙΝΟΤΗΤΑ ΑΦΥΤΟΥ
54,1666,ΤΟΠ.ΚΟΙΝΟΤΗΤΑ ΓΩΝΙΑΣ
54,1677,ΤΟΠ.ΚΟΙΝΟΤΗΤΑ ΔΙΟΝΥΣΙΟΥ
54,1671,ΤΟΠ.ΚΟΙΝΟΤΗΤΑ ΕΛΑΙΟΧΩΡΙΩΝ
54,1674,ΤΟΠ.ΚΟΙΝΟΤΗΤΑ ΖΩΓΡΑΦΟΥ
54,1693,ΤΟΠ.ΚΟΙΝΟΤΗΤΑ ΚΑΛΛΑΝΔΡΑΣ
54,1684,ΤΟΠ.ΚΟΙΝΟΤΗΤΑ ΚΑΛΛΙΘΕΑΣ 
54,1692,ΤΟΠ.ΚΟΙΝΟΤΗΤΑ ΚΑΣΣΑΝΔΡΙΝΟΥ
54,1670,ΤΟΠ.ΚΟΙΝΟΤΗΤΑ ΚΡΗΝΗΣ
54,1685,ΤΟΠ.ΚΟΙΝΟΤΗΤΑ ΚΡΥΟΠΗΓΗΣ  
54,1665,ΤΟΠ.ΚΟΙΝΟΤΗΤΑ ΛΑΚΚΩΜΑΤΟΣ
54,1681,ΤΟΠ.ΚΟΙΝΟΤΗΤΑ ΟΛΥΝΘΟΥ
54,1689,ΤΟΠ.ΚΟΙΝΟΤΗΤΑ ΠΑΛΙΟΥΡΙΟΥ
54,1669,ΤΟΠ.ΚΟΙΝΟΤΗΤΑ ΠΕΤΡΑΛΩΝΩΝ
54,1688,ΤΟΠ.ΚΟΙΝΟΤΗΤΑ ΠΕΥΚΟΧΩΡΙΟΥ
54,1672,ΤΟΠ.ΚΟΙΝΟΤΗΤΑ ΠΛΑΓΙΩΝ
54,1686,ΤΟΠ.ΚΟΙΝΟΤΗΤΑ ΠΟΛΥΧΡΟΝΟΥ
54,1678,ΤΟΠ.ΚΟΙΝΟΤΗΤΑ ΠΟΡΤΑΡΙΑΣ
54,1680,ΤΟΠ.ΚΟΙΝΟΤΗΤΑ ΠΟΤΕΙΔΑΙΑΣ
54,1691,ΤΟΠ.ΚΟΙΝΟΤΗΤΑ ΣΚΙΩΝΗΣ
54,1668,ΤΟΠ.ΚΟΙΝΟΤΗΤΑ ΣΥΛΛΑΤΩΝ
54,1673,ΤΟΠ.ΚΟΙΝΟΤΗΤΑ ΤΕΝΕΔΟΥ
54,1676,ΤΟΠ.ΚΟΙΝΟΤΗΤΑ ΦΛΟΓΗΤΩΝ
54,1694,ΤΟΠ.ΚΟΙΝΟΤΗΤΑ ΦΟΥΡΚΑΣ
54,1687,ΤΟΠ.ΚΟΙΝΟΤΗΤΑ ΧΑΝΙΩΤΗΣ
54,1025,ΤΟΡΩΝΗΣ
45,,ΠΡΕΒΕΖΗΣ
45,866,ΑΜΒΡΑΚΙΚΟΥ
45,867,ΑΝΩΓΕΙΟΥ
45,868,ΖΑΛΟΓΓΟΥ
45,869,ΘΕΣΠΡΩΤΙΚΟΥ
45,876,ΚΡΑΝΕΑΣ
45,870,ΛΟΥΡΟΥ
45,871,ΞΗΡΟΒΟΥΝΙΟΥ
45,1721,ΠΑΡΓΑΣ
45,873,ΠΡΕΒΕΖΑΣ
45,874,ΦΑΝΑΡΙΟΥ
45,875,ΦΙΛΙΠΠΙΑΔΟΣ
52,,ΦΛΩΡΙΝΑΣ
52,989 ΑΜΥΝΤΑΙΟΥ
52,993 ΠΡΕΣΠΩΝ
52,995 ΦΛΩΡΙΝΑΣ
7,,ΑΡΓΟΛΙΔΑΣ
7,65,ΑΛΕΑΣ
7,51,ΑΡΓΟΥΣ
7,52,ΑΣΙΝΗΣ
7,53,ΑΣΚΛΗΠΙΕΙΟΥ
7,66,ΑΧΛΑΔΟΚΑΜΠΟΥ
7,54,ΕΠΙΔΑΥΡΟΥ
7,56,ΚΟΥΤΣΟΠΟΔΙΟΥ
7,57,ΚΡΑΝΙΔΙΟΥ
7,58,ΛΕΡΝΑΣ
7,59,ΛΥΡΚΕΙΑΣ
7,1951,ΜΕΘΑΝΩΝ
7,60,ΜΙΔΕΑΣ
7,61,ΜΥΚΗΝΑΙΩΝ
7,62,ΝΑΥΠΛΙΟΥ
7,63,ΝΕΑΣ ΚΙΟΥ
7,64,ΝΕΑΣ ΤΙΡΥΝΘΑΣ
7,1950,ΣΠΕΤΣΩΝ
7,1768,ΤΡΟΙΖΗΝΙΑΣ
7,1767,ΥΔΡΑΣ
17,,ΕΥΡΥΤΑΝΙΑΣ
17,345,ΑΓΡΑΦΩΝ
17,346,ΑΠΕΡΑΝΤΙΩΝ
17,347,ΑΣΠΡΟΠΟΤΑΜΟΥ
17,348,ΒΙΝΙΑΝΗΣ
17,349,ΔΟΜΝΙΣΤΑΣ
17,350,ΙΤΑΜΟΥ
17,351,ΚΑΛΛΙΦΩΝΟΥ
17,352,ΚΑΡΠΕΝΗΣΙΟΥ
17,353,ΚΤΗΜΕΝΙΩΝ
17,344,ΝΕΒΡΟΠΟΛΗΣ ΑΓΡΑΦΩΝ
17,354,ΠΟΤΑΜΙΑΣ
17,355,ΠΡΟΥΣΟΥ
17,356,ΦΟΥΡΝΑ
17,357,ΦΡΑΓΚΙΣΤΑΣ
10,,ΑΤΤΙΚΗΣ
10,106,ΑΓ.ΑΝΑΡΓΥΡΩΝ
10,107,ΑΓ.ΒΑΡΒΑΡΑΣ
10,108,ΑΓ.ΔΗΜΗΤΡΙΟΥ
10,109,ΑΓ.Ι.ΡΕΝΤΗ
10,189,ΑΓ.ΚΩΝ/ΝΟΥ
10,110,ΑΓ.ΠΑΡΑΣΚΕΥΗΣ
10,111,ΑΓ.ΣΤΕΦΑΝΟΥ
10,1340,ΑΓΚΙΣΤΡΙΟΥ
10,112,ΑΘΗΝΑΙΩΝ
10,113,ΑΙΓΑΛΕΩ
10,1339,ΑΙΓΙΝΑΣ
10,114,ΑΛΙΜΟΥ
10,115,ΑΜΑΡΟΥΣΙΟΥ
10,116,ΑΜΠΕΛΑΚΙΩΝ
10,190,ΑΝΑΒΥΣΣΟΥ
10,191,ΑΝΘΟΥΣΗΣ
10,192,ΑΝΟΙΞΗΣ
10,117,ΑΝΩ ΛΙΟΣΙΩΝ
10,118,ΑΡΓΥΡΟΥΠΟΛΕΩΣ
10,119,ΑΡΤΕΜΗΣ
10,120,ΑΣΠΡΟΠΥΡΓΟΥ
10,121,ΑΥΛΩΝΑΣ
10,193,ΑΦΙΔΝΩΝ
10,122,ΑΧΑΡΝΩΝ
10,123,ΒΑΡΗΣ
10,194,ΒΑΡΝΑΒΑ
10,124,ΒΙΛΛΙΩΝ
10,125,ΒΟΥΛΑΣ
10,126,ΒΟΥΛΙΑΓΜΕΝΗΣ
10,127,ΒΡΙΛΗΣΣΙΩΝ
10,128,ΒΥΡΩΝΑ
10,129,ΓΑΛΑΤΣΙΟΥ
10,130,ΓΕΡΑΚΑ
10,131,ΓΛΥΚΩΝ ΝΕΡΩΝ
10,132,ΓΛΥΦΑΔΑΣ
10,195,ΓΡΑΜΜΑΤΙΚΟΥ
10,133,ΔΑΦΝΗΣ
10,196,ΔΙΟΝΥΣΟΥ
10,134,ΔΡΑΠΕΤΣΩΝΑΣ
10,197,ΔΡΟΣΙΑΣ
10,198,ΕΚΑΛΗΣ
10,135,ΕΛΕΥΣΙΝΑΣ
10,136,ΕΛΛΗΝΙΚΟΥ
10,1204,ΕΡΥΘΡΩΝ
10,137,ΖΕΦΥΡΙΟΥ
10,138,ΖΩΓΡΑΦΟΥ
10,139,ΗΛΙΟΥΠΟΛΕΩΣ
10,140,ΗΡΑΚΛΕΙΟΥ
10,199,ΘΡΑΚΟΜΑΚΕΔΟΝΩΝ
10,141,ΙΛΙΟΥ
10,142,ΚΑΙΣΑΡΙΑΝΗΣ
10,200,ΚΑΛΑΜΟΥ
10,143,ΚΑΛΛΙΘΕΑΣ
10,144,ΚΑΛΥΒΙΩΝ ΘΟΡΙΚ
10,145,ΚΑΜΑΤΕΡΟΥ
10,146,ΚΕΡΑΤΕΑΣ
10,147,ΚΕΡΑΤΣΙΝΙΟΥ
10,148,ΚΗΦΙΣΙΑΣ
10,149,ΚΟΡΥΔΑΛΛΟΥ
10,202,ΚΟΥΒΑΡΑ
10,203,ΚΡΥΟΝΕΡΙΟΥ
10,150,ΚΡΩΠΙΑΣ
10,151,ΛΑΥΡΕΩΤΙΚΗΣ
10,152,ΛΥΚΟΒΡΥΣΗΣ
10,204,ΜΑΓΟΥΛΑΣ
10,205,ΜΑΛΑΚΑΣΑΣ
10,153,ΜΑΝΔΡΑΣ
10,154,ΜΑΡΑΘΩΝΑ
10,155,ΜΑΡΚΟΠΟΥΛΟΥ ΜΕ
10,206,ΜΑΡΚΟΠΟΥΛΟΥ ΩΡ
10,156,ΜΕΓΑΡΕΩΝ
10,157,ΜΕΛΙΣΣΙΩΝ
10,158,ΜΕΤΑΜΟΡΦΩΣΗΣ
10,159,ΜΟΣΧΑΤΟΥ
10,160,Ν.ΕΡΥΘΡΑΙΑΣ
10,161,Ν.ΙΩΝΙΑΣ
10,162,Ν.ΜΑΚΡΗΣ
10,207,Ν.ΠΑΛΑΤΙΩΝ
10,1609,Ν.ΠΕΝΤΕΛΗΣ
10,163,Ν.ΠΕΡΑΜΟΥ
10,164,Ν.ΣΜΥΡΝΗΣ
10,165,Ν.ΦΙΛΑΔΕΛΦΕΙΑΣ
10,166,Ν.ΧΑΛΚΗΔΟΝΑΣ
10,167,Ν.ΨΥΧΙΚΟΥ
10,168,ΝΙΚΑΙΑΣ
10,209,ΟΙΝΟΗΣ
10,211,Π.ΦΩΚΑΙΑΣ
10,169,Π.ΨΥΧΙΚΟΥ
10,170,ΠΑΙΑΝΙΑΣ
10,171,ΠΑΛ.ΦΑΛΗΡΟΥ
10,172,ΠΑΛΛΗΝΗΣ
10,173,ΠΑΠΑΓΟΥ
10,174,ΠΕΙΡΑΙΩΣ
10,210,ΠΕΝΤΕΛΗΣ
10,175,ΠΕΡΑΜΑΤΟΣ
10,176,ΠΕΡΙΣΤΕΡΙΟΥ
10,177,ΠΕΤΡΟΥΠΟΛΗΣ
10,178,ΠΕΥΚΗΣ
10,212,ΠΙΚΕΡΜΙΟΥ
10,213,ΠΟΛΥΔΕΝΔΡΙΟΥ
10,214,ΠΥΛΗΣ
10,179,ΡΑΦΗΝΑΣ
10,215,ΡΟΔΟΠΟΛΗΣ
10,180,ΣΑΛΑΜΙΝΑΣ
10,216,ΣΑΡΩΝΙΔΑΣ
10,1731,ΣΑΡΩΝΙΚΟΥ
10,217,ΣΚΑΛΑΣ ΩΡΩΠΟΥ
10,181,ΣΠΑΤΩΝ-ΛΟΥΤΣΑΣ
10,218,ΣΤΑΜΑΤΑΣ
10,219,ΣΤΕΦΑΝΗΣ
10,220,ΣΥΚΑΜΙΝΟΥ
10,182,ΤΑΥΡΟΥ
10,183,ΥΜΗΤΤΟΥ
10,184,ΦΙΛΟΘΕΗΣ
10,185,ΦΥΛΗΣ
10,186,ΧΑΙΔΑΡΙΟΥ
10,187,ΧΑΛΑΝΔΡΙΟΥ
10,188,ΧΟΛΑΡΓΟΥ
10,221,ΩΡΩΠΟΥ
18,,ΖΑΚΥΝΘΟΥ
18,358,ΑΛΥΚΩΝ
18,359,ΑΡΚΑΔΙΩΝ
18,360,ΑΡΤΕΜΙΣΙΩΝ
18,361,ΕΛΑΤΙΩΝ
18,362,ΖΑΚΥΝΘΙΩΝ
18,363,ΛΑΓΑΝΑ
26,,ΚΑΡΔΙΤΣΑΣ
26,536,ΑΘΑΜΑΝΩΝ
26,537,ΑΡΓΙΘΕΑΣ
26,538,ΑΡΝΗΣ
26,1283,ΑΣΗΜΟΧΩΡΙ
26,539,ΑΧΕΛΩΟΥ
26,540,ΙΘΩΜΗΣ
26,541,ΙΤΑΜΟΥ
26,542,ΚΑΛΛΙΦΩΝΟΥ
26,543,ΚΑΜΠΟΥ
26,544,ΚΑΡΔΙΤΣΑΣ
26,545,ΚΡΑΝΝΩΝΟΣ
26,546,ΜΑΚΡΑΚΩΜΗΣ
26,547,ΜΕΝΕΛΑΙΔΑΣ
26,548,ΜΗΤΡΟΠΟΛΗΣ
26,549,ΜΟΥΖΑΚΙΟΥ
26,535,ΝΕΒΡΟΠΟΛΗΣ ΑΓΡΑΦΩΝ
26,550,ΞΥΝΙΑΔΟΣ
26,551,ΠΑΛΑΜΑ
26,552,ΠΑΜΙΣΟΥ
26,553,ΠΛΑΣΤΗΡΑ
26,554,ΡΕΝΤΙΝΗΣ
26,555,ΣΕΛΛΑΝΩΝ
26,556,ΣΟΦΑΔΩΝ
26,557,ΤΑΜΑΣΙΟΥ
26,558,ΦΥΛΛΟΥ
29,,ΚΕΦΑΛΛΟΝΙΑΣ
29,589,ΑΡΓΟΣΤΟΛΙΟΥ
29,590,ΕΛΕΙΟΥ-ΠΡΟΝΩΝ
29,591,ΕΡΙΣΟΥ
29,592,ΙΘΑΚΗΣ
29,597,ΚΑΛΑΜΟΥ
29,598,ΚΑΣΤΟΥ
29,593,ΛΕΙΒΑΘΟΥΣ
29,599,ΟΜΑΛΩΝ
29,594,ΠΑΛΙΚΗΣ
29,595,ΠΥΛΑΡΕΩΝ
29,596,ΣΑΜΗΣ